http://ate-m.by/adaptery/;адаптер;адаптеры;адептеров
http://ate-m.by/analizatory-bazovih-stancii/;анализатор базовых станций;анализаторы базовых станций
http://ate-m.by/analizatory-cepei/;анализаторах цепей;анализаторы цепей;анализатор цепей
http://ate-m.by/analizatory-kabelei-i-antenn/;анализаторы кабелей и антенн;анализатор кабелей и антенн
http://ate-m.by/analizatory-passivnoi-intermodulyacii/;анализаторы пассивной интермодуляции;анализатор пассивной интермодуляции
http://ate-m.by/analizatory-signalov/;анализаторы сигналов;анализатор сигналов
http://ate-m.by/analizatory-spectra/;анализаторы спектра;анализатор спектра
http://ate-m.by/attenuatory/;аттенюаторы;аттенюатор
http://ate-m.by/vch-generatory-shuma/;ВЧ генераторы шума;ВЧ генератор шума
http://ate-m.by/vch-kommunikatory/;ВЧ коммутаторы;ВЧ коммутатор
http://ate-m.by/vch-uciliteli/;ВЧ усилитель;ВЧ усилители
http://ate-m.by/istochniki-peremennogo-toka/;источник питания переменного тока;источники питания переменного тока;источник переменного тока;источники переменного тока
http://ate-m.by/istochniki-opticheskogo-izlucheniya/;источники оптического излучения;источник оптического излучения
http://ate-m.by/oscilograffi/;осциллограф;осциллографы
http://ate-m.by/multimetri/;мультиметр;мультиметры
http://ate-m.by/konnektori/;коннектор;коннекторы
http://ate-m.by/generatori-signalov/;генератора сигналов;генераторы сигналов;генератор сигналов
http://ate-m.by/analizatory-bazovih-stancii/;анализатор базовой станции;анализаторы базовой станции
http://ate-m.by/brands/anritsu/;Anritsu
http://ate-m.by/brands/aaronia/;Aaronia
http://ate-m.by/testeri/;Тестер;тестер;тестеров
http://ate-m.by/analizatory-passivnoi-intermodulyacii/;анализатор пассивной интермодуляции;анализаторы пассивной интермодуляции
http://ate-m.by/testovie-sistemi/;тестовые системы;тестовая система
http://ate-m.by/wiki/term/standart-lte/;LTE
http://ate-m.by/wiki/term/tekhnologiya-hspa/;HSPA
http://ate-m.by/brands/pasternack/;Pasternack
http://ate-m.by/wiki/term/wdm/;WDM
http://ate-m.by/wiki/term/tekhnologiya-bluetooth/;Bluetooth
http://ate-m.by/wiki/term/tekhnologiya-cdma/;CDMA
http://ate-m.by/wiki/term/set-wlan/;WLAN
http://ate-m.by/wiki/term/seti-fttx/;FTTx
http://ate-m.by/;контрольно-измерительного оборудования;контрольно-измерительное оборудование;измерительное оборудование
http://ate-m.by/brands/aeroflex/;Aeroflex
http://ate-m.by/brands/berkeley-varitronics-systems/;Berkeley Varitronics Systems
http://ate-m.by/brands/bk-precision/;BK Precision
http://ate-m.by/brands/ets-lindgren/;ETS-Lindgren
http://ate-m.by/brands/exfo/;EXFO
http://ate-m.by/brands/frankonia/;Frankonia
http://ate-m.by/brands/kiwi/;Kiwi
http://ate-m.by/brands/national-instruments/;National Instruments;NI;national instruments
http://ate-m.by/brands/pasternack/;Pasternack
http://ate-m.by/brands/teseq/;Teseq
http://ate-m.by/brands/svyazpribor/;Связьприбор
http://ate-m.by/brands/vesala/;Vesala
http://ate-m.by/product/ni-9208-measurement-system/;ni 9208;NI 9208
http://ate-m.by/wiki/term/ramochnaya-antenna/;рамочная антенна
http://ate-m.by/product/ni-9239-measurement-system/;NI 9239;ni 9239
http://ate-m.by/product/ni-9207-measurement-system/;NI 9207;ni 9207
http://ate-m.by/kameri-bezehovie/;камеры безэховые;камера безэховая;безэховые камеры;безэховой камеры
http://ate-m.by/product/ni-pxie-6368/;ni 6368;NI 6368
http://ate-m.by/product/ni-pxi-5105/;pxi-5105
http://ate-m.by/product/ni-usb-6008/;ni usb6008;NI usb6008
http://ate-m.by/product/ni-9232-measurement-system/;ni 9232;NI 9232
http://ate-m.by/wiki/term/bikonicheskaya-izmeritelnaya-antenna/;биконическая антенна
http://ate-m.by/brands/anritsu/;Anritsu
http://ate-m.by/wiki/term/tekhnologiya-wi-fi/;Wi-Fi
http://ate-m.by/wiki/term/gtem-kamera/;GTEM-камера;камера GTEM;GTEM-ячейка
http://ate-m.by/wiki/term/analizator-afu/;анализатор АФУ;Анализатор антенно-фидерных устройств
http://ate-m.by/wiki/term/delitel-moshchnosti/;делитель мощности;сплиттер;распределитель
http://ate-m.by/istochniki-postoyannogo-toka/;источник питания постоянного тока;источники питания постоянного тока;источник постоянного тока;источники постоянного тока
http://ate-m.by/wiki/term/setevaya-model-osi/;OSI
http://ate-m.by/wiki/term/tekhnologiya-iptv/;IPTV
http://ate-m.by/wiki/term/tekhnologiya-wcdma/;WCDMA
http://ate-m.by/monohromatory/;монохроматоры;монохроматор
